Unnamed: 0,Source,eType,Target,Time,Weight,SourceLocation,TargetLocation,SourceLatitude,SourceLongitude,TargetLatitude,TargetLongitude,Status
32090462,519424,0,595104,1742002835,1.0,-1,-1,,,,,supplementary
50874630,546999,1,649553,1738200671,1.0,3,5,-23.788,-110.90700000000001,21.1925,153.287,supplementary
53711110,551810,1,595104,1755068336,1.0,4,4,-1.6907400000000001,-162.996,-1.54455,-166.428,supplementary
83740668,595104,0,638752,1746922322,1.0,-1,-1,,,,,supplementary
115625885,643925,0,638752,1750383030,1.0,-1,-1,,,,,supplementary
